claim_id,source,item,statistic,value,unit,tag,note
T2,Table II p.502,Royal Dutch/Shell,log deviation mean (1980-01-01..2002-10-03),0.86,%,PAPER-DERIVED,
T2,Table II p.502,Royal Dutch/Shell,log deviation mean_abs (1980-01-01..2002-10-03),10.04,%,PAPER-DERIVED,
T2,Table II p.502,Royal Dutch/Shell,log deviation stdev (1980-01-01..2002-10-03),12.71,%,PAPER-DERIVED,
T2,Table II p.502,Royal Dutch/Shell,log deviation min (1980-01-01..2002-10-03),-36.22,%,PAPER-DERIVED,
T2,Table II p.502,Royal Dutch/Shell,log deviation max (1980-01-01..2002-10-03),19.83,%,PAPER-DERIVED,
T2,Table II p.502,Royal Dutch/Shell,share of days positive (1980-01-01..2002-10-03),68.5,%,PAPER-DERIVED,
T2,Table II p.502,Unilever,log deviation mean (1980-01-01..2002-10-03),1.16,%,PAPER-DERIVED,
T2,Table II p.502,Unilever,log deviation mean_abs (1980-01-01..2002-10-03),8.99,%,PAPER-DERIVED,
T2,Table II p.502,Unilever,log deviation stdev (1980-01-01..2002-10-03),11.41,%,PAPER-DERIVED,
T2,Table II p.502,Unilever,log deviation min (1980-01-01..2002-10-03),-39.07,%,PAPER-DERIVED,
T2,Table II p.502,Unilever,log deviation max (1980-01-01..2002-10-03),29.10,%,PAPER-DERIVED,
T2,Table II p.502,Unilever,share of days positive (1980-01-01..2002-10-03),62.2,%,PAPER-DERIVED,
T2,Table II p.502,ABB,log deviation mean (1991-07-08..1999-01-07),2.26,%,PAPER-DERIVED,
T2,Table II p.502,ABB,log deviation mean_abs (1991-07-08..1999-01-07),8.91,%,PAPER-DERIVED,
T2,Table II p.502,ABB,log deviation stdev (1991-07-08..1999-01-07),10.17,%,PAPER-DERIVED,
T2,Table II p.502,ABB,log deviation min (1991-07-08..1999-01-07),-20.47,%,PAPER-DERIVED,
T2,Table II p.502,ABB,log deviation max (1991-07-08..1999-01-07),17.77,%,PAPER-DERIVED,
T2,Table II p.502,ABB,share of days positive (1991-07-08..1999-01-07),64.4,%,PAPER-DERIVED,
T2,Table II p.502,Smithkline Beecham,log deviation mean (1989-07-26..1996-01-22),7.94,%,PAPER-DERIVED,
T2,Table II p.502,Smithkline Beecham,log deviation mean_abs (1989-07-26..1996-01-22),8.10,%,PAPER-DERIVED,
T2,Table II p.502,Smithkline Beecham,log deviation stdev (1989-07-26..1996-01-22),4.09,%,PAPER-DERIVED,
T2,Table II p.502,Smithkline Beecham,log deviation min (1989-07-26..1996-01-22),-2.22,%,PAPER-DERIVED,
T2,Table II p.502,Smithkline Beecham,log deviation max (1989-07-26..1996-01-22),15.97,%,PAPER-DERIVED,
T2,Table II p.502,Smithkline Beecham,share of days positive (1989-07-26..1996-01-22),92.8,%,PAPER-DERIVED,
T2,Table II p.502,Fortis,log deviation mean (1990-12-12..2000-07-31),-2.64,%,PAPER-DERIVED,
T2,Table II p.502,Fortis,log deviation mean_abs (1990-12-12..2000-07-31),4.56,%,PAPER-DERIVED,
T2,Table II p.502,Fortis,log deviation stdev (1990-12-12..2000-07-31),4.90,%,PAPER-DERIVED,
T2,Table II p.502,Fortis,log deviation min (1990-12-12..2000-07-31),-17.10,%,PAPER-DERIVED,
T2,Table II p.502,Fortis,log deviation max (1990-12-12..2000-07-31),13.79,%,PAPER-DERIVED,
T2,Table II p.502,Fortis,share of days positive (1990-12-12..2000-07-31),30.5,%,PAPER-DERIVED,
T2,Table II p.502,Elsevier/Reed International,log deviation mean (1993-01-01..2002-10-03),2.15,%,PAPER-DERIVED,
T2,Table II p.502,Elsevier/Reed International,log deviation mean_abs (1993-01-01..2002-10-03),8.88,%,PAPER-DERIVED,
T2,Table II p.502,Elsevier/Reed International,log deviation stdev (1993-01-01..2002-10-03),9.20,%,PAPER-DERIVED,
T2,Table II p.502,Elsevier/Reed International,log deviation min (1993-01-01..2002-10-03),-14.73,%,PAPER-DERIVED,
T2,Table II p.502,Elsevier/Reed International,log deviation max (1993-01-01..2002-10-03),17.58,%,PAPER-DERIVED,
T2,Table II p.502,Elsevier/Reed International,share of days positive (1993-01-01..2002-10-03),55.6,%,PAPER-DERIVED,
T2,Table II p.502,Rio Tinto,log deviation mean (1995-12-21..2002-10-03),1.90,%,PAPER-DERIVED,
T2,Table II p.502,Rio Tinto,log deviation mean_abs (1995-12-21..2002-10-03),4.11,%,PAPER-DERIVED,
T2,Table II p.502,Rio Tinto,log deviation stdev (1995-12-21..2002-10-03),4.76,%,PAPER-DERIVED,
T2,Table II p.502,Rio Tinto,log deviation min (1995-12-21..2002-10-03),-16.42,%,PAPER-DERIVED,
T2,Table II p.502,Rio Tinto,log deviation max (1995-12-21..2002-10-03),11.31,%,PAPER-DERIVED,
T2,Table II p.502,Rio Tinto,share of days positive (1995-12-21..2002-10-03),37.5,%,PAPER-DERIVED,
T2,Table II p.502,Dexia,log deviation mean (1996-11-19..1999-08-20),-9.22,%,PAPER-DERIVED,
T2,Table II p.502,Dexia,log deviation mean_abs (1996-11-19..1999-08-20),9.33,%,PAPER-DERIVED,
T2,Table II p.502,Dexia,log deviation stdev (1996-11-19..1999-08-20),3.67,%,PAPER-DERIVED,
T2,Table II p.502,Dexia,log deviation min (1996-11-19..1999-08-20),-17.66,%,PAPER-DERIVED,
T2,Table II p.502,Dexia,log deviation max (1996-11-19..1999-08-20),5.15,%,PAPER-DERIVED,
T2,Table II p.502,Dexia,share of days positive (1996-11-19..1999-08-20),1.8,%,PAPER-DERIVED,
T2,Table II p.502,Merita/Nordbanken,log deviation mean (1997-12-15..1999-08-23),-7.01,%,PAPER-DERIVED,
T2,Table II p.502,Merita/Nordbanken,log deviation mean_abs (1997-12-15..1999-08-23),7.07,%,PAPER-DERIVED,
T2,Table II p.502,Merita/Nordbanken,log deviation stdev (1997-12-15..1999-08-23),3.19,%,PAPER-DERIVED,
T2,Table II p.502,Merita/Nordbanken,log deviation min (1997-12-15..1999-08-23),-15.11,%,PAPER-DERIVED,
T2,Table II p.502,Merita/Nordbanken,log deviation max (1997-12-15..1999-08-23),2.03,%,PAPER-DERIVED,
T2,Table II p.502,Merita/Nordbanken,share of days positive (1997-12-15..1999-08-23),3.2,%,PAPER-DERIVED,
T2,Table II p.502,Zurich Allied/Allied Zurich,log deviation mean (1998-09-07..2000-03-20),11.93,%,PAPER-DERIVED,
T2,Table II p.502,Zurich Allied/Allied Zurich,log deviation mean_abs (1998-09-07..2000-03-20),11.93,%,PAPER-DERIVED,
T2,Table II p.502,Zurich Allied/Allied Zurich,log deviation stdev (1998-09-07..2000-03-20),3.47,%,PAPER-DERIVED,
T2,Table II p.502,Zurich Allied/Allied Zurich,log deviation min (1998-09-07..2000-03-20),1.36,%,PAPER-DERIVED,
T2,Table II p.502,Zurich Allied/Allied Zurich,log deviation max (1998-09-07..2000-03-20),21.00,%,PAPER-DERIVED,
T2,Table II p.502,Zurich Allied/Allied Zurich,share of days positive (1998-09-07..2000-03-20),100,%,PAPER-DERIVED,
T2,Table II p.502,BHP Billiton,log deviation mean (2001-06-29..2002-10-03),7.09,%,PAPER-DERIVED,
T2,Table II p.502,BHP Billiton,log deviation mean_abs (2001-06-29..2002-10-03),7.09,%,PAPER-DERIVED,
T2,Table II p.502,BHP Billiton,log deviation stdev (2001-06-29..2002-10-03),2.26,%,PAPER-DERIVED,
T2,Table II p.502,BHP Billiton,log deviation min (2001-06-29..2002-10-03),1.14,%,PAPER-DERIVED,
T2,Table II p.502,BHP Billiton,log deviation max (2001-06-29..2002-10-03),18.45,%,PAPER-DERIVED,
T2,Table II p.502,BHP Billiton,share of days positive (2001-06-29..2002-10-03),100,%,PAPER-DERIVED,
T2,Table II p.502,Brambles Industries,log deviation mean (2001-08-07..2002-10-03),8.45,%,PAPER-DERIVED,
T2,Table II p.502,Brambles Industries,log deviation mean_abs (2001-08-07..2002-10-03),11.32,%,PAPER-DERIVED,
T2,Table II p.502,Brambles Industries,log deviation stdev (2001-08-07..2002-10-03),11.32,%,PAPER-DERIVED,
T2,Table II p.502,Brambles Industries,log deviation min (2001-08-07..2002-10-03),-18.62,%,PAPER-DERIVED,
T2,Table II p.502,Brambles Industries,log deviation max (2001-08-07..2002-10-03),29.15,%,PAPER-DERIVED,
T2,Table II p.502,Brambles Industries,share of days positive (2001-08-07..2002-10-03),74.3,%,PAPER-DERIVED,Abs = StDev looks like a typo (D9)
CORR,text p.502,Royal Dutch/Shell vs Unilever,correlation of deviations,0.86,,PAPER-DERIVED,
CORR,text p.502,Royal Dutch/Shell vs Elsevier/Reed International,correlation of deviations,0.71,,PAPER-DERIVED,
CORR,text p.502,Rio Tinto vs BHP Billiton,correlation of deviations,0.57,,PAPER-DERIVED,
T3,Table III p.504,Royal Dutch/Shell,R2,0.242,,PAPER-DERIVED,
T3,Table III p.504,Royal Dutch/Shell,Durbin-Watson,2.03,,PAPER-DERIVED,
T3,Table III p.504,Royal Dutch/Shell,degrees of freedom,5927,,PAPER-DERIVED,
T3,Table III p.504,Royal Dutch/Shell,sum lagged dependent,-0.231,,PAPER-DERIVED,significant 1%
T3,Table III p.504,Royal Dutch/Shell,sum market index country 1,0.346,,PAPER-DERIVED,significant 1%
T3,Table III p.504,Royal Dutch/Shell,sum market index country 2,-0.501,,PAPER-DERIVED,significant 1%
T3,Table III p.504,Royal Dutch/Shell,sum exchange rate,-0.806,,PAPER-DERIVED,significant 1%
T3,Table III p.504,Unilever,R2,0.146,,PAPER-DERIVED,
T3,Table III p.504,Unilever,Durbin-Watson,2.06,,PAPER-DERIVED,
T3,Table III p.504,Unilever,degrees of freedom,5927,,PAPER-DERIVED,
T3,Table III p.504,Unilever,sum lagged dependent,-0.216,,PAPER-DERIVED,significant 1%
T3,Table III p.504,Unilever,sum market index country 1,0.170,,PAPER-DERIVED,significant 1%
T3,Table III p.504,Unilever,sum market index country 2,-0.560,,PAPER-DERIVED,significant 1%
T3,Table III p.504,Unilever,sum exchange rate,-0.595,,PAPER-DERIVED,significant 1%
T3,Table III p.504,ABB,R2,0.155,,PAPER-DERIVED,
T3,Table III p.504,ABB,Durbin-Watson,2.03,,PAPER-DERIVED,
T3,Table III p.504,ABB,degrees of freedom,1952,,PAPER-DERIVED,
T3,Table III p.504,ABB,sum lagged dependent,-0.119,,PAPER-DERIVED,significant 1%
T3,Table III p.504,ABB,sum market index country 1,0.433,,PAPER-DERIVED,significant 1%
T3,Table III p.504,ABB,sum market index country 2,-0.399,,PAPER-DERIVED,significant 1%
T3,Table III p.504,ABB,sum exchange rate,-0.509,,PAPER-DERIVED,significant 1%
T3,Table III p.504,Smithkline Beecham,R2,0.132,,PAPER-DERIVED,
T3,Table III p.504,Smithkline Beecham,Durbin-Watson,2.14,,PAPER-DERIVED,
T3,Table III p.504,Smithkline Beecham,degrees of freedom,1527,,PAPER-DERIVED,
T3,Table III p.504,Smithkline Beecham,sum lagged dependent,-0.299,,PAPER-DERIVED,significant 1%
T3,Table III p.504,Smithkline Beecham,sum market index country 1,0.086,,PAPER-DERIVED,10%
T3,Table III p.504,Smithkline Beecham,sum market index country 2,-0.248,,PAPER-DERIVED,significant 1%
T3,Table III p.504,Smithkline Beecham,sum exchange rate,0.031,,PAPER-DERIVED,
T3,Table III p.504,Fortis,R2,0.104,,PAPER-DERIVED,
T3,Table III p.504,Fortis,Durbin-Watson,1.99,,PAPER-DERIVED,
T3,Table III p.504,Fortis,degrees of freedom,2506,,PAPER-DERIVED,
T3,Table III p.504,Fortis,sum lagged dependent,-0.163,,PAPER-DERIVED,significant 1%
T3,Table III p.504,Fortis,sum market index country 1,0.476,,PAPER-DERIVED,significant 1%
T3,Table III p.504,Fortis,sum market index country 2,-0.537,,PAPER-DERIVED,significant 1%
T3,Table III p.504,Fortis,sum exchange rate,-0.580,,PAPER-DERIVED,5%
T3,Table III p.504,Elsevier/Reed International,R2,0.197,,PAPER-DERIVED,
T3,Table III p.504,Elsevier/Reed International,Durbin-Watson,2.14,,PAPER-DERIVED,
T3,Table III p.504,Elsevier/Reed International,degrees of freedom,2534,,PAPER-DERIVED,
T3,Table III p.504,Elsevier/Reed International,sum lagged dependent,-0.319,,PAPER-DERIVED,significant 1%
T3,Table III p.504,Elsevier/Reed International,sum market index country 1,0.331,,PAPER-DERIVED,significant 1%
T3,Table III p.504,Elsevier/Reed International,sum market index country 2,-0.417,,PAPER-DERIVED,significant 1%
T3,Table III p.504,Elsevier/Reed International,sum exchange rate,-0.772,,PAPER-DERIVED,significant 1%
T3,Table III p.504,Rio Tinto,R2,0.272,,PAPER-DERIVED,
T3,Table III p.504,Rio Tinto,Durbin-Watson,2.15,,PAPER-DERIVED,
T3,Table III p.504,Rio Tinto,degrees of freedom,1760,,PAPER-DERIVED,
T3,Table III p.504,Rio Tinto,sum lagged dependent,-0.296,,PAPER-DERIVED,significant 1%
T3,Table III p.504,Rio Tinto,sum market index country 1,0.431,,PAPER-DERIVED,significant 1%
T3,Table III p.504,Rio Tinto,sum market index country 2,-0.741,,PAPER-DERIVED,significant 1%
T3,Table III p.504,Rio Tinto,sum exchange rate,-0.524,,PAPER-DERIVED,significant 1%
T3,Table III p.504,Dexia,R2,0.100,,PAPER-DERIVED,
T3,Table III p.504,Dexia,Durbin-Watson,2.18,,PAPER-DERIVED,
T3,Table III p.504,Dexia,degrees of freedom,708,,PAPER-DERIVED,
T3,Table III p.504,Dexia,sum lagged dependent,-0.216,,PAPER-DERIVED,significant 1%
T3,Table III p.504,Dexia,sum market index country 1,0.290,,PAPER-DERIVED,significant 1%
T3,Table III p.504,Dexia,sum market index country 2,-0.324,,PAPER-DERIVED,significant 1%
T3,Table III p.504,Dexia,sum exchange rate,-0.319,,PAPER-DERIVED,
T3,Table III p.504,Merita/Nordbanken,R2,0.246,,PAPER-DERIVED,
T3,Table III p.504,Merita/Nordbanken,Durbin-Watson,2.09,,PAPER-DERIVED,
T3,Table III p.504,Merita/Nordbanken,degrees of freedom,431,,PAPER-DERIVED,
T3,Table III p.504,Merita/Nordbanken,sum lagged dependent,-0.371,,PAPER-DERIVED,significant 1%
T3,Table III p.504,Merita/Nordbanken,sum market index country 1,0.463,,PAPER-DERIVED,significant 1%
T3,Table III p.504,Merita/Nordbanken,sum market index country 2,-0.445,,PAPER-DERIVED,significant 1%
T3,Table III p.504,Merita/Nordbanken,sum exchange rate,-0.139,,PAPER-DERIVED,
T3,Table III p.504,Zurich Allied/Allied Zurich,R2,0.091,,PAPER-DERIVED,
T3,Table III p.504,Zurich Allied/Allied Zurich,Durbin-Watson,2.03,,PAPER-DERIVED,
T3,Table III p.504,Zurich Allied/Allied Zurich,degrees of freedom,390,,PAPER-DERIVED,
T3,Table III p.504,Zurich Allied/Allied Zurich,sum lagged dependent,-0.153,,PAPER-DERIVED,significant 1%
T3,Table III p.504,Zurich Allied/Allied Zurich,sum market index country 1,0.155,,PAPER-DERIVED,
T3,Table III p.504,Zurich Allied/Allied Zurich,sum market index country 2,-0.354,,PAPER-DERIVED,5%
T3,Table III p.504,Zurich Allied/Allied Zurich,sum exchange rate,-0.928,,PAPER-DERIVED,significant 1%
T3,Table III p.504,BHP Billiton,R2,0.397,,PAPER-DERIVED,
T3,Table III p.504,BHP Billiton,Durbin-Watson,2.21,,PAPER-DERIVED,
T3,Table III p.504,BHP Billiton,degrees of freedom,319,,PAPER-DERIVED,
T3,Table III p.504,BHP Billiton,sum lagged dependent,-0.280,,PAPER-DERIVED,significant 1%
T3,Table III p.504,BHP Billiton,sum market index country 1,0.459,,PAPER-DERIVED,5%
T3,Table III p.504,BHP Billiton,sum market index country 2,-0.709,,PAPER-DERIVED,significant 1%
T3,Table III p.504,BHP Billiton,sum exchange rate,-0.647,,PAPER-DERIVED,5%
T3,Table III p.504,Brambles Industries,R2,0.288,,PAPER-DERIVED,
T3,Table III p.504,Brambles Industries,Durbin-Watson,2.00,,PAPER-DERIVED,
T3,Table III p.504,Brambles Industries,degrees of freedom,293,,PAPER-DERIVED,
T3,Table III p.504,Brambles Industries,sum lagged dependent,-0.005,,PAPER-DERIVED,
T3,Table III p.504,Brambles Industries,sum market index country 1,0.343,,PAPER-DERIVED,
T3,Table III p.504,Brambles Industries,sum market index country 2,-0.866,,PAPER-DERIVED,significant 1%
T3,Table III p.504,Brambles Industries,sum exchange rate,-0.567,,PAPER-DERIVED,
T4,Table IV p.507 (10%/5%/12 months),Royal Dutch/Shell,positions long A short B,3,,PAPER-DERIVED,
T4,Table IV p.507 (10%/5%/12 months),Royal Dutch/Shell,positions short A long B,12,,PAPER-DERIVED,
T4,Table IV p.507 (10%/5%/12 months),Royal Dutch/Shell,mean days,126.0,days,PAPER-DERIVED,
T4,Table IV p.507 (10%/5%/12 months),Royal Dutch/Shell,median days,70,days,PAPER-DERIVED,
T4,Table IV p.507 (10%/5%/12 months),Royal Dutch/Shell,min/max days,22/260,days,PAPER-DERIVED,
T4,Table IV p.507 (10%/5%/12 months),Royal Dutch/Shell,weighted mean return,0.492,% p.m.,PAPER-DERIVED,
T4,Table IV p.507 (10%/5%/12 months),Royal Dutch/Shell,median return,1.460,% p.m.,PAPER-DERIVED,
T4,Table IV p.507 (10%/5%/12 months),Royal Dutch/Shell,min return,-0.728,% p.m.,PAPER-DERIVED,
T4,Table IV p.507 (10%/5%/12 months),Royal Dutch/Shell,max return,5.393,% p.m.,PAPER-DERIVED,
T4,Table IV p.507 (10%/5%/12 months),Royal Dutch/Shell,cut-off at horizon,5,,PAPER-DERIVED,
T4,Table IV p.507 (10%/5%/12 months),Royal Dutch/Shell,negative returns,2,,PAPER-DERIVED,
T4,Table IV p.507 (10%/5%/12 months),Royal Dutch/Shell,margin calls,3,,PAPER-DERIVED,
T4,Table IV p.507 (10%/5%/12 months),Unilever,positions long A short B,10,,PAPER-DERIVED,
T4,Table IV p.507 (10%/5%/12 months),Unilever,positions short A long B,21,,PAPER-DERIVED,
T4,Table IV p.507 (10%/5%/12 months),Unilever,mean days,88.6,days,PAPER-DERIVED,
T4,Table IV p.507 (10%/5%/12 months),Unilever,median days,22,days,PAPER-DERIVED,
T4,Table IV p.507 (10%/5%/12 months),Unilever,min/max days,22/260,days,PAPER-DERIVED,
T4,Table IV p.507 (10%/5%/12 months),Unilever,weighted mean return,1.134,% p.m.,PAPER-DERIVED,
T4,Table IV p.507 (10%/5%/12 months),Unilever,median return,4.346,% p.m.,PAPER-DERIVED,
T4,Table IV p.507 (10%/5%/12 months),Unilever,min return,-1.374,% p.m.,PAPER-DERIVED,
T4,Table IV p.507 (10%/5%/12 months),Unilever,max return,13.044,% p.m.,PAPER-DERIVED,
T4,Table IV p.507 (10%/5%/12 months),Unilever,cut-off at horizon,5,,PAPER-DERIVED,
T4,Table IV p.507 (10%/5%/12 months),Unilever,negative returns,4,,PAPER-DERIVED,
T4,Table IV p.507 (10%/5%/12 months),Unilever,margin calls,6,,PAPER-DERIVED,
T4,Table IV p.507 (10%/5%/12 months),ABB,positions long A short B,5,,PAPER-DERIVED,
T4,Table IV p.507 (10%/5%/12 months),ABB,positions short A long B,5,,PAPER-DERIVED,
T4,Table IV p.507 (10%/5%/12 months),ABB,mean days,96.7,days,PAPER-DERIVED,
T4,Table IV p.507 (10%/5%/12 months),ABB,median days,77,days,PAPER-DERIVED,
T4,Table IV p.507 (10%/5%/12 months),ABB,min/max days,22/260,days,PAPER-DERIVED,
T4,Table IV p.507 (10%/5%/12 months),ABB,weighted mean return,0.920,% p.m.,PAPER-DERIVED,
T4,Table IV p.507 (10%/5%/12 months),ABB,median return,3.607,% p.m.,PAPER-DERIVED,
T4,Table IV p.507 (10%/5%/12 months),ABB,min return,-0.393,% p.m.,PAPER-DERIVED,
T4,Table IV p.507 (10%/5%/12 months),ABB,max return,6.960,% p.m.,PAPER-DERIVED,
T4,Table IV p.507 (10%/5%/12 months),ABB,cut-off at horizon,1,,PAPER-DERIVED,
T4,Table IV p.507 (10%/5%/12 months),ABB,negative returns,1,,PAPER-DERIVED,
T4,Table IV p.507 (10%/5%/12 months),ABB,margin calls,1,,PAPER-DERIVED,
T4,Table IV p.507 (10%/5%/12 months),Smithkline Beecham,positions long A short B,0,,PAPER-DERIVED,
T4,Table IV p.507 (10%/5%/12 months),Smithkline Beecham,positions short A long B,6,,PAPER-DERIVED,
T4,Table IV p.507 (10%/5%/12 months),Smithkline Beecham,mean days,167.7,days,PAPER-DERIVED,
T4,Table IV p.507 (10%/5%/12 months),Smithkline Beecham,median days,260,days,PAPER-DERIVED,
T4,Table IV p.507 (10%/5%/12 months),Smithkline Beecham,min/max days,22/260,days,PAPER-DERIVED,
T4,Table IV p.507 (10%/5%/12 months),Smithkline Beecham,weighted mean return,0.147,% p.m.,PAPER-DERIVED,
T4,Table IV p.507 (10%/5%/12 months),Smithkline Beecham,median return,0.680,% p.m.,PAPER-DERIVED,
T4,Table IV p.507 (10%/5%/12 months),Smithkline Beecham,min return,-0.464,% p.m.,PAPER-DERIVED,
T4,Table IV p.507 (10%/5%/12 months),Smithkline Beecham,max return,3.976,% p.m.,PAPER-DERIVED,
T4,Table IV p.507 (10%/5%/12 months),Smithkline Beecham,cut-off at horizon,3,,PAPER-DERIVED,
T4,Table IV p.507 (10%/5%/12 months),Smithkline Beecham,negative returns,2,,PAPER-DERIVED,
T4,Table IV p.507 (10%/5%/12 months),Smithkline Beecham,margin calls,2,,PAPER-DERIVED,
T4,Table IV p.507 (10%/5%/12 months),Fortis,positions long A short B,14,,PAPER-DERIVED,
T4,Table IV p.507 (10%/5%/12 months),Fortis,positions short A long B,4,,PAPER-DERIVED,
T4,Table IV p.507 (10%/5%/12 months),Fortis,mean days,32.8,days,PAPER-DERIVED,
T4,Table IV p.507 (10%/5%/12 months),Fortis,median days,22,days,PAPER-DERIVED,
T4,Table IV p.507 (10%/5%/12 months),Fortis,min/max days,22/99,days,PAPER-DERIVED,
T4,Table IV p.507 (10%/5%/12 months),Fortis,weighted mean return,3.760,% p.m.,PAPER-DERIVED,
T4,Table IV p.507 (10%/5%/12 months),Fortis,median return,4.677,% p.m.,PAPER-DERIVED,
T4,Table IV p.507 (10%/5%/12 months),Fortis,min return,0.805,% p.m.,PAPER-DERIVED,
T4,Table IV p.507 (10%/5%/12 months),Fortis,max return,9.589,% p.m.,PAPER-DERIVED,
T4,Table IV p.507 (10%/5%/12 months),Fortis,cut-off at horizon,0,,PAPER-DERIVED,
T4,Table IV p.507 (10%/5%/12 months),Fortis,negative returns,0,,PAPER-DERIVED,
T4,Table IV p.507 (10%/5%/12 months),Fortis,margin calls,0,,PAPER-DERIVED,
T4,Table IV p.507 (10%/5%/12 months),Elsevier/Reed International,positions long A short B,6,,PAPER-DERIVED,
T4,Table IV p.507 (10%/5%/12 months),Elsevier/Reed International,positions short A long B,7,,PAPER-DERIVED,
T4,Table IV p.507 (10%/5%/12 months),Elsevier/Reed International,mean days,116.2,days,PAPER-DERIVED,
T4,Table IV p.507 (10%/5%/12 months),Elsevier/Reed International,median days,80,days,PAPER-DERIVED,
T4,Table IV p.507 (10%/5%/12 months),Elsevier/Reed International,min/max days,22/260,days,PAPER-DERIVED,
T4,Table IV p.507 (10%/5%/12 months),Elsevier/Reed International,weighted mean return,0.694,% p.m.,PAPER-DERIVED,
T4,Table IV p.507 (10%/5%/12 months),Elsevier/Reed International,median return,1.095,% p.m.,PAPER-DERIVED,
T4,Table IV p.507 (10%/5%/12 months),Elsevier/Reed International,min return,-0.573,% p.m.,PAPER-DERIVED,
T4,Table IV p.507 (10%/5%/12 months),Elsevier/Reed International,max return,9.552,% p.m.,PAPER-DERIVED,
T4,Table IV p.507 (10%/5%/12 months),Elsevier/Reed International,cut-off at horizon,3,,PAPER-DERIVED,
T4,Table IV p.507 (10%/5%/12 months),Elsevier/Reed International,negative returns,1,,PAPER-DERIVED,
T4,Table IV p.507 (10%/5%/12 months),Elsevier/Reed International,margin calls,1,,PAPER-DERIVED,
T4,Table IV p.507 (10%/5%/12 months),Rio Tinto,positions long A short B,11,,PAPER-DERIVED,
T4,Table IV p.507 (10%/5%/12 months),Rio Tinto,positions short A long B,2,,PAPER-DERIVED,
T4,Table IV p.507 (10%/5%/12 months),Rio Tinto,mean days,24.6,days,PAPER-DERIVED,
T4,Table IV p.507 (10%/5%/12 months),Rio Tinto,median days,22,days,PAPER-DERIVED,
T4,Table IV p.507 (10%/5%/12 months),Rio Tinto,min/max days,22/40,days,PAPER-DERIVED,
T4,Table IV p.507 (10%/5%/12 months),Rio Tinto,weighted mean return,5.054,% p.m.,PAPER-DERIVED,
T4,Table IV p.507 (10%/5%/12 months),Rio Tinto,median return,5.140,% p.m.,PAPER-DERIVED,
T4,Table IV p.507 (10%/5%/12 months),Rio Tinto,min return,2.539,% p.m.,PAPER-DERIVED,
T4,Table IV p.507 (10%/5%/12 months),Rio Tinto,max return,8.250,% p.m.,PAPER-DERIVED,
T4,Table IV p.507 (10%/5%/12 months),Rio Tinto,cut-off at horizon,0,,PAPER-DERIVED,
T4,Table IV p.507 (10%/5%/12 months),Rio Tinto,negative returns,0,,PAPER-DERIVED,
T4,Table IV p.507 (10%/5%/12 months),Rio Tinto,margin calls,0,,PAPER-DERIVED,
T4,Table IV p.507 (10%/5%/12 months),Dexia,positions long A short B,4,,PAPER-DERIVED,
T4,Table IV p.507 (10%/5%/12 months),Dexia,positions short A long B,0,,PAPER-DERIVED,
T4,Table IV p.507 (10%/5%/12 months),Dexia,mean days,124.5,days,PAPER-DERIVED,
T4,Table IV p.507 (10%/5%/12 months),Dexia,median days,46,days,PAPER-DERIVED,
T4,Table IV p.507 (10%/5%/12 months),Dexia,min/max days,22/260,days,PAPER-DERIVED,
T4,Table IV p.507 (10%/5%/12 months),Dexia,weighted mean return,0.917,% p.m.,PAPER-DERIVED,
T4,Table IV p.507 (10%/5%/12 months),Dexia,median return,1.179,% p.m.,PAPER-DERIVED,
T4,Table IV p.507 (10%/5%/12 months),Dexia,min return,-0.318,% p.m.,PAPER-DERIVED,
T4,Table IV p.507 (10%/5%/12 months),Dexia,max return,5.385,% p.m.,PAPER-DERIVED,
T4,Table IV p.507 (10%/5%/12 months),Dexia,cut-off at horizon,1,,PAPER-DERIVED,
T4,Table IV p.507 (10%/5%/12 months),Dexia,negative returns,1,,PAPER-DERIVED,
T4,Table IV p.507 (10%/5%/12 months),Dexia,margin calls,1,,PAPER-DERIVED,
T4,Table IV p.507 (10%/5%/12 months),Merita/Nordbanken,positions long A short B,4,,PAPER-DERIVED,
T4,Table IV p.507 (10%/5%/12 months),Merita/Nordbanken,positions short A long B,0,,PAPER-DERIVED,
T4,Table IV p.507 (10%/5%/12 months),Merita/Nordbanken,mean days,55.3,days,PAPER-DERIVED,
T4,Table IV p.507 (10%/5%/12 months),Merita/Nordbanken,median days,22,days,PAPER-DERIVED,
T4,Table IV p.507 (10%/5%/12 months),Merita/Nordbanken,min/max days,22/148,days,PAPER-DERIVED,
T4,Table IV p.507 (10%/5%/12 months),Merita/Nordbanken,weighted mean return,2.150,% p.m.,PAPER-DERIVED,
T4,Table IV p.507 (10%/5%/12 months),Merita/Nordbanken,median return,2.885,% p.m.,PAPER-DERIVED,
T4,Table IV p.507 (10%/5%/12 months),Merita/Nordbanken,min return,0.513,% p.m.,PAPER-DERIVED,
T4,Table IV p.507 (10%/5%/12 months),Merita/Nordbanken,max return,8.627,% p.m.,PAPER-DERIVED,
T4,Table IV p.507 (10%/5%/12 months),Merita/Nordbanken,cut-off at horizon,0,,PAPER-DERIVED,
T4,Table IV p.507 (10%/5%/12 months),Merita/Nordbanken,negative returns,0,,PAPER-DERIVED,
T4,Table IV p.507 (10%/5%/12 months),Merita/Nordbanken,margin calls,0,,PAPER-DERIVED,
T4,Table IV p.507 (10%/5%/12 months),Zurich Allied/Allied Zurich,positions long A short B,0,,PAPER-DERIVED,
T4,Table IV p.507 (10%/5%/12 months),Zurich Allied/Allied Zurich,positions short A long B,3,,PAPER-DERIVED,
T4,Table IV p.507 (10%/5%/12 months),Zurich Allied/Allied Zurich,mean days,133.0,days,PAPER-DERIVED,
T4,Table IV p.507 (10%/5%/12 months),Zurich Allied/Allied Zurich,median days,123,days,PAPER-DERIVED,
T4,Table IV p.507 (10%/5%/12 months),Zurich Allied/Allied Zurich,min/max days,22/254,days,PAPER-DERIVED,
T4,Table IV p.507 (10%/5%/12 months),Zurich Allied/Allied Zurich,weighted mean return,1.062,% p.m.,PAPER-DERIVED,
T4,Table IV p.507 (10%/5%/12 months),Zurich Allied/Allied Zurich,median return,1.249,% p.m.,PAPER-DERIVED,
T4,Table IV p.507 (10%/5%/12 months),Zurich Allied/Allied Zurich,min return,0.712,% p.m.,PAPER-DERIVED,
T4,Table IV p.507 (10%/5%/12 months),Zurich Allied/Allied Zurich,max return,4.058,% p.m.,PAPER-DERIVED,
T4,Table IV p.507 (10%/5%/12 months),Zurich Allied/Allied Zurich,cut-off at horizon,0,,PAPER-DERIVED,
T4,Table IV p.507 (10%/5%/12 months),Zurich Allied/Allied Zurich,negative returns,0,,PAPER-DERIVED,
T4,Table IV p.507 (10%/5%/12 months),Zurich Allied/Allied Zurich,margin calls,0,,PAPER-DERIVED,
T4,Table IV p.507 (10%/5%/12 months),BHP Billiton,positions long A short B,0,,PAPER-DERIVED,
T4,Table IV p.507 (10%/5%/12 months),BHP Billiton,positions short A long B,5,,PAPER-DERIVED,
T4,Table IV p.507 (10%/5%/12 months),BHP Billiton,mean days,23.0,days,PAPER-DERIVED,
T4,Table IV p.507 (10%/5%/12 months),BHP Billiton,median days,22,days,PAPER-DERIVED,
T4,Table IV p.507 (10%/5%/12 months),BHP Billiton,min/max days,22/27,days,PAPER-DERIVED,
T4,Table IV p.507 (10%/5%/12 months),BHP Billiton,weighted mean return,4.238,% p.m.,PAPER-DERIVED,
T4,Table IV p.507 (10%/5%/12 months),BHP Billiton,median return,3.703,% p.m.,PAPER-DERIVED,
T4,Table IV p.507 (10%/5%/12 months),BHP Billiton,min return,2.930,% p.m.,PAPER-DERIVED,
T4,Table IV p.507 (10%/5%/12 months),BHP Billiton,max return,6.705,% p.m.,PAPER-DERIVED,
T4,Table IV p.507 (10%/5%/12 months),BHP Billiton,cut-off at horizon,0,,PAPER-DERIVED,
T4,Table IV p.507 (10%/5%/12 months),BHP Billiton,negative returns,0,,PAPER-DERIVED,
T4,Table IV p.507 (10%/5%/12 months),BHP Billiton,margin calls,0,,PAPER-DERIVED,
T4,Table IV p.507 (10%/5%/12 months),Brambles Industries,positions long A short B,1,,PAPER-DERIVED,
T4,Table IV p.507 (10%/5%/12 months),Brambles Industries,positions short A long B,4,,PAPER-DERIVED,
T4,Table IV p.507 (10%/5%/12 months),Brambles Industries,mean days,30.6,days,PAPER-DERIVED,
T4,Table IV p.507 (10%/5%/12 months),Brambles Industries,median days,22,days,PAPER-DERIVED,
T4,Table IV p.507 (10%/5%/12 months),Brambles Industries,min/max days,22/65,days,PAPER-DERIVED,
T4,Table IV p.507 (10%/5%/12 months),Brambles Industries,weighted mean return,3.106,% p.m.,PAPER-DERIVED,
T4,Table IV p.507 (10%/5%/12 months),Brambles Industries,median return,3.830,% p.m.,PAPER-DERIVED,
T4,Table IV p.507 (10%/5%/12 months),Brambles Industries,min return,0.764,% p.m.,PAPER-DERIVED,
T4,Table IV p.507 (10%/5%/12 months),Brambles Industries,max return,6.056,% p.m.,PAPER-DERIVED,
T4,Table IV p.507 (10%/5%/12 months),Brambles Industries,cut-off at horizon,0,,PAPER-DERIVED,
T4,Table IV p.507 (10%/5%/12 months),Brambles Industries,negative returns,0,,PAPER-DERIVED,
T4,Table IV p.507 (10%/5%/12 months),Brambles Industries,margin calls,0,,PAPER-DERIVED,
T4,Table IV p.507 (10%/5%/12 months),Total,positions long A short B,58,,PAPER-DERIVED,
T4,Table IV p.507 (10%/5%/12 months),Total,positions short A long B,69,,PAPER-DERIVED,
T4,Table IV p.507 (10%/5%/12 months),Total,mean days,82.0,days,PAPER-DERIVED,
T4,Table IV p.507 (10%/5%/12 months),Total,median days,25,days,PAPER-DERIVED,
T4,Table IV p.507 (10%/5%/12 months),Total,min/max days,22/260,days,PAPER-DERIVED,
T4,Table IV p.507 (10%/5%/12 months),Total,weighted mean return,1.180,% p.m.,PAPER-DERIVED,
T4,Table IV p.507 (10%/5%/12 months),Total,median return,3.703,% p.m.,PAPER-DERIVED,
T4,Table IV p.507 (10%/5%/12 months),Total,min return,-1.374,% p.m.,PAPER-DERIVED,
T4,Table IV p.507 (10%/5%/12 months),Total,max return,13.044,% p.m.,PAPER-DERIVED,
T4,Table IV p.507 (10%/5%/12 months),Total,cut-off at horizon,18,,PAPER-DERIVED,
T4,Table IV p.507 (10%/5%/12 months),Total,negative returns,11,,PAPER-DERIVED,
T4,Table IV p.507 (10%/5%/12 months),Total,margin calls,14,,PAPER-DERIVED,
T4,text p.506,Total,positions set up (text),136,,PAPER-DERIVED,Table IV totals 127 (D8)
T4,text p.506,Total,weighted mean return annualized,14.2,% p.a.,PAPER-DERIVED,
T4,text p.506,Royal Dutch/Shell,total time in positions,~7.5,years,PAPER-DERIVED,
T5,Table V p.508,all twins 5%/1%/1 month,positions long A short B,135,,PAPER-DERIVED,
T5,Table V p.508,all twins 5%/1%/1 month,positions short A long B,174,,PAPER-DERIVED,
T5,Table V p.508,all twins 5%/1%/1 month,mean days,22.0,days,PAPER-DERIVED,
T5,Table V p.508,all twins 5%/1%/1 month,median days,22,days,PAPER-DERIVED,
T5,Table V p.508,all twins 5%/1%/1 month,min/max days,22/22,days,PAPER-DERIVED,
T5,Table V p.508,all twins 5%/1%/1 month,weighted mean return,-0.009,% p.m.,PAPER-DERIVED,
T5,Table V p.508,all twins 5%/1%/1 month,median return,-0.560,% p.m.,PAPER-DERIVED,
T5,Table V p.508,all twins 5%/1%/1 month,min return,-15.154,% p.m.,PAPER-DERIVED,
T5,Table V p.508,all twins 5%/1%/1 month,max return,11.704,% p.m.,PAPER-DERIVED,
T5,Table V p.508,all twins 5%/1%/1 month,cut-off at horizon,218,,PAPER-DERIVED,
T5,Table V p.508,all twins 5%/1%/1 month,negative returns,170,,PAPER-DERIVED,
T5,Table V p.508,all twins 5%/1%/1 month,margin calls,4,,PAPER-DERIVED,
T5,Table V p.508,all twins 5%/1%/3 months,positions long A short B,93,,PAPER-DERIVED,
T5,Table V p.508,all twins 5%/1%/3 months,positions short A long B,112,,PAPER-DERIVED,
T5,Table V p.508,all twins 5%/1%/3 months,mean days,44.6,days,PAPER-DERIVED,
T5,Table V p.508,all twins 5%/1%/3 months,median days,50,days,PAPER-DERIVED,
T5,Table V p.508,all twins 5%/1%/3 months,min/max days,22/65,days,PAPER-DERIVED,
T5,Table V p.508,all twins 5%/1%/3 months,weighted mean return,0.558,% p.m.,PAPER-DERIVED,
T5,Table V p.508,all twins 5%/1%/3 months,median return,1.653,% p.m.,PAPER-DERIVED,
T5,Table V p.508,all twins 5%/1%/3 months,min return,-6.726,% p.m.,PAPER-DERIVED,
T5,Table V p.508,all twins 5%/1%/3 months,max return,11.704,% p.m.,PAPER-DERIVED,
T5,Table V p.508,all twins 5%/1%/3 months,cut-off at horizon,89,,PAPER-DERIVED,
T5,Table V p.508,all twins 5%/1%/3 months,negative returns,77,,PAPER-DERIVED,
T5,Table V p.508,all twins 5%/1%/3 months,margin calls,13,,PAPER-DERIVED,
T5,Table V p.508,all twins 5%/1%/12 months,positions long A short B,73,,PAPER-DERIVED,
T5,Table V p.508,all twins 5%/1%/12 months,positions short A long B,83,,PAPER-DERIVED,
T5,Table V p.508,all twins 5%/1%/12 months,mean days,83.4,days,PAPER-DERIVED,
T5,Table V p.508,all twins 5%/1%/12 months,median days,32,days,PAPER-DERIVED,
T5,Table V p.508,all twins 5%/1%/12 months,min/max days,22/260,days,PAPER-DERIVED,
T5,Table V p.508,all twins 5%/1%/12 months,weighted mean return,0.892,% p.m.,PAPER-DERIVED,
T5,Table V p.508,all twins 5%/1%/12 months,median return,2.487,% p.m.,PAPER-DERIVED,
T5,Table V p.508,all twins 5%/1%/12 months,min return,-0.992,% p.m.,PAPER-DERIVED,
T5,Table V p.508,all twins 5%/1%/12 months,max return,11.704,% p.m.,PAPER-DERIVED,
T5,Table V p.508,all twins 5%/1%/12 months,cut-off at horizon,21,,PAPER-DERIVED,
T5,Table V p.508,all twins 5%/1%/12 months,negative returns,17,,PAPER-DERIVED,
T5,Table V p.508,all twins 5%/1%/12 months,margin calls,19,,PAPER-DERIVED,
T5,Table V p.508,all twins 5%/1%/unlimited,positions long A short B,68,,PAPER-DERIVED,
T5,Table V p.508,all twins 5%/1%/unlimited,positions short A long B,70,,PAPER-DERIVED,
T5,Table V p.508,all twins 5%/1%/unlimited,mean days,126.8,days,PAPER-DERIVED,
T5,Table V p.508,all twins 5%/1%/unlimited,median days,23,days,PAPER-DERIVED,
T5,Table V p.508,all twins 5%/1%/unlimited,min/max days,22/2321,days,PAPER-DERIVED,
T5,Table V p.508,all twins 5%/1%/unlimited,weighted mean return,0.780,% p.m.,PAPER-DERIVED,
T5,Table V p.508,all twins 5%/1%/unlimited,median return,2.878,% p.m.,PAPER-DERIVED,
T5,Table V p.508,all twins 5%/1%/unlimited,min return,-0.124,% p.m.,PAPER-DERIVED,
T5,Table V p.508,all twins 5%/1%/unlimited,max return,11.704,% p.m.,PAPER-DERIVED,
T5,Table V p.508,all twins 5%/1%/unlimited,cut-off at horizon,0,,PAPER-DERIVED,
T5,Table V p.508,all twins 5%/1%/unlimited,negative returns,1,,PAPER-DERIVED,
T5,Table V p.508,all twins 5%/1%/unlimited,margin calls,20,,PAPER-DERIVED,
T5,Table V p.508,all twins 10%/5%/1 month,positions long A short B,107,,PAPER-DERIVED,
T5,Table V p.508,all twins 10%/5%/1 month,positions short A long B,181,,PAPER-DERIVED,
T5,Table V p.508,all twins 10%/5%/1 month,mean days,22.0,days,PAPER-DERIVED,
T5,Table V p.508,all twins 10%/5%/1 month,median days,22,days,PAPER-DERIVED,
T5,Table V p.508,all twins 10%/5%/1 month,min/max days,22/22,days,PAPER-DERIVED,
T5,Table V p.508,all twins 10%/5%/1 month,weighted mean return,0.432,% p.m.,PAPER-DERIVED,
T5,Table V p.508,all twins 10%/5%/1 month,median return,0.074,% p.m.,PAPER-DERIVED,
T5,Table V p.508,all twins 10%/5%/1 month,min return,-23.523,% p.m.,PAPER-DERIVED,
T5,Table V p.508,all twins 10%/5%/1 month,max return,13.044,% p.m.,PAPER-DERIVED,
T5,Table V p.508,all twins 10%/5%/1 month,cut-off at horizon,215,,PAPER-DERIVED,
T5,Table V p.508,all twins 10%/5%/1 month,negative returns,140,,PAPER-DERIVED,
T5,Table V p.508,all twins 10%/5%/1 month,margin calls,3,,PAPER-DERIVED,
T5,Table V p.508,all twins 10%/5%/3 months,positions long A short B,75,,PAPER-DERIVED,
T5,Table V p.508,all twins 10%/5%/3 months,positions short A long B,109,,PAPER-DERIVED,
T5,Table V p.508,all twins 10%/5%/3 months,mean days,46.0,days,PAPER-DERIVED,
T5,Table V p.508,all twins 10%/5%/3 months,median days,62,days,PAPER-DERIVED,
T5,Table V p.508,all twins 10%/5%/3 months,min/max days,22/65,days,PAPER-DERIVED,
T5,Table V p.508,all twins 10%/5%/3 months,weighted mean return,1.064,% p.m.,PAPER-DERIVED,
T5,Table V p.508,all twins 10%/5%/3 months,median return,1.815,% p.m.,PAPER-DERIVED,
T5,Table V p.508,all twins 10%/5%/3 months,min return,-7.650,% p.m.,PAPER-DERIVED,
T5,Table V p.508,all twins 10%/5%/3 months,max return,13.044,% p.m.,PAPER-DERIVED,
T5,Table V p.508,all twins 10%/5%/3 months,cut-off at horizon,88,,PAPER-DERIVED,
T5,Table V p.508,all twins 10%/5%/3 months,negative returns,57,,PAPER-DERIVED,
T5,Table V p.508,all twins 10%/5%/3 months,margin calls,9,,PAPER-DERIVED,
T5,Table V p.508,all twins 10%/5%/12 months,positions long A short B,58,,PAPER-DERIVED,
T5,Table V p.508,all twins 10%/5%/12 months,positions short A long B,69,,PAPER-DERIVED,
T5,Table V p.508,all twins 10%/5%/12 months,mean days,82.0,days,PAPER-DERIVED,
T5,Table V p.508,all twins 10%/5%/12 months,median days,25,days,PAPER-DERIVED,
T5,Table V p.508,all twins 10%/5%/12 months,min/max days,22/260,days,PAPER-DERIVED,
T5,Table V p.508,all twins 10%/5%/12 months,weighted mean return,1.180,% p.m.,PAPER-DERIVED,
T5,Table V p.508,all twins 10%/5%/12 months,median return,3.703,% p.m.,PAPER-DERIVED,
T5,Table V p.508,all twins 10%/5%/12 months,min return,-1.374,% p.m.,PAPER-DERIVED,
T5,Table V p.508,all twins 10%/5%/12 months,max return,13.044,% p.m.,PAPER-DERIVED,
T5,Table V p.508,all twins 10%/5%/12 months,cut-off at horizon,18,,PAPER-DERIVED,
T5,Table V p.508,all twins 10%/5%/12 months,negative returns,11,,PAPER-DERIVED,
T5,Table V p.508,all twins 10%/5%/12 months,margin calls,14,,PAPER-DERIVED,
T5,Table V p.508,all twins 10%/5%/unlimited,positions long A short B,53,,PAPER-DERIVED,
T5,Table V p.508,all twins 10%/5%/unlimited,positions short A long B,59,,PAPER-DERIVED,
T5,Table V p.508,all twins 10%/5%/unlimited,mean days,100.1,days,PAPER-DERIVED,
T5,Table V p.508,all twins 10%/5%/unlimited,median days,22,days,PAPER-DERIVED,
T5,Table V p.508,all twins 10%/5%/unlimited,min/max days,22/1322,days,PAPER-DERIVED,
T5,Table V p.508,all twins 10%/5%/unlimited,weighted mean return,1.238,% p.m.,PAPER-DERIVED,
T5,Table V p.508,all twins 10%/5%/unlimited,median return,4.081,% p.m.,PAPER-DERIVED,
T5,Table V p.508,all twins 10%/5%/unlimited,min return,0.098,% p.m.,PAPER-DERIVED,
T5,Table V p.508,all twins 10%/5%/unlimited,max return,13.044,% p.m.,PAPER-DERIVED,
T5,Table V p.508,all twins 10%/5%/unlimited,cut-off at horizon,0,,PAPER-DERIVED,
T5,Table V p.508,all twins 10%/5%/unlimited,negative returns,0,,PAPER-DERIVED,
T5,Table V p.508,all twins 10%/5%/unlimited,margin calls,10,,PAPER-DERIVED,
T6,Table VI p.510,all twins 5%/1%/1 month,investments,309,,PAPER-DERIVED,
T6,Table VI p.510,all twins 5%/1%/1 month,position days,6798,days,PAPER-DERIVED,
T6,Table VI p.510,all twins 5%/1%/1 month,FF3 alpha,-0.415,% p.m.,PAPER-DERIVED,
T6,Table VI p.510,all twins 5%/1%/1 month,FF3 annualized abnormal return,-5.0,% p.a.,PAPER-DERIVED,
T6,Table VI p.510,all twins 5%/1%/1 month,IAPM alpha,-0.416,% p.m.,PAPER-DERIVED,
T6,Table VI p.510,all twins 5%/1%/1 month,IAPM annualized abnormal return,-5.0,% p.a.,PAPER-DERIVED,
T6,Table VI p.510,all twins 5%/1%/1 month,sigma,34.6,% p.a.,PAPER-DERIVED,
T6,Table VI p.510,all twins 5%/1%/1 month,sigma S&P 500,23.6,% p.a.,PAPER-DERIVED,
T6,Table VI p.510,all twins 5%/1%/1 month,FF3 idiosyncratic sigma,34.5,% p.a.,PAPER-DERIVED,
T6,Table VI p.510,all twins 5%/1%/1 month,IAPM idiosyncratic sigma,34.4,% p.a.,PAPER-DERIVED,
T6,Table VI p.510,all twins 5%/1%/1 month,skewness,0.46,,PAPER-DERIVED,
T6,Table VI p.510,all twins 5%/1%/1 month,kurtosis,12.4,,PAPER-DERIVED,
T6,Table VI p.510,all twins 5%/1%/1 month,1% VaR,-4.6,% daily,PAPER-DERIVED,
T6,Table VI p.510,all twins 5%/1%/3 months,investments,205,,PAPER-DERIVED,
T6,Table VI p.510,all twins 5%/1%/3 months,position days,9148,days,PAPER-DERIVED,
T6,Table VI p.510,all twins 5%/1%/3 months,FF3 alpha,0.159,% p.m.,PAPER-DERIVED,
T6,Table VI p.510,all twins 5%/1%/3 months,FF3 annualized abnormal return,1.9,% p.a.,PAPER-DERIVED,
T6,Table VI p.510,all twins 5%/1%/3 months,IAPM alpha,0.126,% p.m.,PAPER-DERIVED,
T6,Table VI p.510,all twins 5%/1%/3 months,IAPM annualized abnormal return,1.5,% p.a.,PAPER-DERIVED,
T6,Table VI p.510,all twins 5%/1%/3 months,sigma,34.5,% p.a.,PAPER-DERIVED,
T6,Table VI p.510,all twins 5%/1%/3 months,sigma S&P 500,23.8,% p.a.,PAPER-DERIVED,
T6,Table VI p.510,all twins 5%/1%/3 months,FF3 idiosyncratic sigma,34.4,% p.a.,PAPER-DERIVED,
T6,Table VI p.510,all twins 5%/1%/3 months,IAPM idiosyncratic sigma,34.3,% p.a.,PAPER-DERIVED,
T6,Table VI p.510,all twins 5%/1%/3 months,skewness,0.40,,PAPER-DERIVED,
T6,Table VI p.510,all twins 5%/1%/3 months,kurtosis,11.6,,PAPER-DERIVED,
T6,Table VI p.510,all twins 5%/1%/3 months,1% VaR,-4.5,% daily,PAPER-DERIVED,
T6,Table VI p.510,all twins 5%/1%/12 months,investments,156,,PAPER-DERIVED,
T6,Table VI p.510,all twins 5%/1%/12 months,position days,13019,days,PAPER-DERIVED,
T6,Table VI p.510,all twins 5%/1%/12 months,FF3 alpha,0.457,% p.m.,PAPER-DERIVED,5%
T6,Table VI p.510,all twins 5%/1%/12 months,FF3 annualized abnormal return,5.5,% p.a.,PAPER-DERIVED,
T6,Table VI p.510,all twins 5%/1%/12 months,IAPM alpha,0.447,% p.m.,PAPER-DERIVED,5%
T6,Table VI p.510,all twins 5%/1%/12 months,IAPM annualized abnormal return,5.4,% p.a.,PAPER-DERIVED,
T6,Table VI p.510,all twins 5%/1%/12 months,sigma,33.5,% p.a.,PAPER-DERIVED,
T6,Table VI p.510,all twins 5%/1%/12 months,sigma S&P 500,22.6,% p.a.,PAPER-DERIVED,
T6,Table VI p.510,all twins 5%/1%/12 months,FF3 idiosyncratic sigma,33.4,% p.a.,PAPER-DERIVED,
T6,Table VI p.510,all twins 5%/1%/12 months,IAPM idiosyncratic sigma,33.3,% p.a.,PAPER-DERIVED,
T6,Table VI p.510,all twins 5%/1%/12 months,skewness,0.34,,PAPER-DERIVED,
T6,Table VI p.510,all twins 5%/1%/12 months,kurtosis,11.0,,PAPER-DERIVED,
T6,Table VI p.510,all twins 5%/1%/12 months,1% VaR,-4.2,% daily,PAPER-DERIVED,
T6,Table VI p.510,all twins 5%/1%/unlimited,investments,138,,PAPER-DERIVED,
T6,Table VI p.510,all twins 5%/1%/unlimited,position days,17505,days,PAPER-DERIVED,
T6,Table VI p.510,all twins 5%/1%/unlimited,FF3 alpha,0.310,% p.m.,PAPER-DERIVED,5%
T6,Table VI p.510,all twins 5%/1%/unlimited,FF3 annualized abnormal return,3.7,% p.a.,PAPER-DERIVED,
T6,Table VI p.510,all twins 5%/1%/unlimited,IAPM alpha,0.333,% p.m.,PAPER-DERIVED,5%
T6,Table VI p.510,all twins 5%/1%/unlimited,IAPM annualized abnormal return,4.0,% p.a.,PAPER-DERIVED,
T6,Table VI p.510,all twins 5%/1%/unlimited,sigma,31.6,% p.a.,PAPER-DERIVED,
T6,Table VI p.510,all twins 5%/1%/unlimited,sigma S&P 500,22.1,% p.a.,PAPER-DERIVED,
T6,Table VI p.510,all twins 5%/1%/unlimited,FF3 idiosyncratic sigma,31.5,% p.a.,PAPER-DERIVED,
T6,Table VI p.510,all twins 5%/1%/unlimited,IAPM idiosyncratic sigma,31.4,% p.a.,PAPER-DERIVED,
T6,Table VI p.510,all twins 5%/1%/unlimited,skewness,0.29,,PAPER-DERIVED,
T6,Table VI p.510,all twins 5%/1%/unlimited,kurtosis,10.8,,PAPER-DERIVED,
T6,Table VI p.510,all twins 5%/1%/unlimited,1% VaR,-4.0,% daily,PAPER-DERIVED,
T6,Table VI p.510,all twins 10%/5%/1 month,investments,288,,PAPER-DERIVED,
T6,Table VI p.510,all twins 10%/5%/1 month,position days,6339,days,PAPER-DERIVED,
T6,Table VI p.510,all twins 10%/5%/1 month,FF3 alpha,0.011,% p.m.,PAPER-DERIVED,
T6,Table VI p.510,all twins 10%/5%/1 month,FF3 annualized abnormal return,0.1,% p.a.,PAPER-DERIVED,
T6,Table VI p.510,all twins 10%/5%/1 month,IAPM alpha,0.033,% p.m.,PAPER-DERIVED,
T6,Table VI p.510,all twins 10%/5%/1 month,IAPM annualized abnormal return,0.4,% p.a.,PAPER-DERIVED,
T6,Table VI p.510,all twins 10%/5%/1 month,sigma,31.0,% p.a.,PAPER-DERIVED,
T6,Table VI p.510,all twins 10%/5%/1 month,sigma S&P 500,24.0,% p.a.,PAPER-DERIVED,
T6,Table VI p.510,all twins 10%/5%/1 month,FF3 idiosyncratic sigma,30.9,% p.a.,PAPER-DERIVED,
T6,Table VI p.510,all twins 10%/5%/1 month,IAPM idiosyncratic sigma,30.9,% p.a.,PAPER-DERIVED,
T6,Table VI p.510,all twins 10%/5%/1 month,skewness,0.23,,PAPER-DERIVED,
T6,Table VI p.510,all twins 10%/5%/1 month,kurtosis,8.9,,PAPER-DERIVED,
T6,Table VI p.510,all twins 10%/5%/1 month,1% VaR,-3.8,% daily,PAPER-DERIVED,
T6,Table VI p.510,all twins 10%/5%/3 months,investments,184,,PAPER-DERIVED,
T6,Table VI p.510,all twins 10%/5%/3 months,position days,8462,days,PAPER-DERIVED,
T6,Table VI p.510,all twins 10%/5%/3 months,FF3 alpha,0.610,% p.m.,PAPER-DERIVED,significant 1%
T6,Table VI p.510,all twins 10%/5%/3 months,FF3 annualized abnormal return,7.3,% p.a.,PAPER-DERIVED,
T6,Table VI p.510,all twins 10%/5%/3 months,IAPM alpha,0.643,% p.m.,PAPER-DERIVED,significant 1%
T6,Table VI p.510,all twins 10%/5%/3 months,IAPM annualized abnormal return,7.7,% p.a.,PAPER-DERIVED,
T6,Table VI p.510,all twins 10%/5%/3 months,sigma,30.7,% p.a.,PAPER-DERIVED,
T6,Table VI p.510,all twins 10%/5%/3 months,sigma S&P 500,23.2,% p.a.,PAPER-DERIVED,
T6,Table VI p.510,all twins 10%/5%/3 months,FF3 idiosyncratic sigma,30.7,% p.a.,PAPER-DERIVED,
T6,Table VI p.510,all twins 10%/5%/3 months,IAPM idiosyncratic sigma,30.7,% p.a.,PAPER-DERIVED,
T6,Table VI p.510,all twins 10%/5%/3 months,skewness,0.23,,PAPER-DERIVED,
T6,Table VI p.510,all twins 10%/5%/3 months,kurtosis,8.3,,PAPER-DERIVED,
T6,Table VI p.510,all twins 10%/5%/3 months,1% VaR,-3.8,% daily,PAPER-DERIVED,
T6,Table VI p.510,all twins 10%/5%/12 months,investments,127,,PAPER-DERIVED,
T6,Table VI p.510,all twins 10%/5%/12 months,position days,10422,days,PAPER-DERIVED,
T6,Table VI p.510,all twins 10%/5%/12 months,FF3 alpha,0.718,% p.m.,PAPER-DERIVED,significant 1%
T6,Table VI p.510,all twins 10%/5%/12 months,FF3 annualized abnormal return,8.6,% p.a.,PAPER-DERIVED,
T6,Table VI p.510,all twins 10%/5%/12 months,IAPM alpha,0.752,% p.m.,PAPER-DERIVED,significant 1%
T6,Table VI p.510,all twins 10%/5%/12 months,IAPM annualized abnormal return,9.0,% p.a.,PAPER-DERIVED,
T6,Table VI p.510,all twins 10%/5%/12 months,sigma,30.7,% p.a.,PAPER-DERIVED,
T6,Table VI p.510,all twins 10%/5%/12 months,sigma S&P 500,22.9,% p.a.,PAPER-DERIVED,
T6,Table VI p.510,all twins 10%/5%/12 months,FF3 idiosyncratic sigma,30.6,% p.a.,PAPER-DERIVED,
T6,Table VI p.510,all twins 10%/5%/12 months,IAPM idiosyncratic sigma,30.7,% p.a.,PAPER-DERIVED,
T6,Table VI p.510,all twins 10%/5%/12 months,skewness,0.35,,PAPER-DERIVED,
T6,Table VI p.510,all twins 10%/5%/12 months,kurtosis,9.6,,PAPER-DERIVED,
T6,Table VI p.510,all twins 10%/5%/12 months,1% VaR,-3.7,% daily,PAPER-DERIVED,
T6,Table VI p.510,all twins 10%/5%/unlimited,investments,112,,PAPER-DERIVED,
T6,Table VI p.510,all twins 10%/5%/unlimited,position days,11210,days,PAPER-DERIVED,
T6,Table VI p.510,all twins 10%/5%/unlimited,FF3 alpha,0.745,% p.m.,PAPER-DERIVED,significant 1%
T6,Table VI p.510,all twins 10%/5%/unlimited,FF3 annualized abnormal return,8.9,% p.a.,PAPER-DERIVED,
T6,Table VI p.510,all twins 10%/5%/unlimited,IAPM alpha,0.790,% p.m.,PAPER-DERIVED,significant 1%
T6,Table VI p.510,all twins 10%/5%/unlimited,IAPM annualized abnormal return,9.5,% p.a.,PAPER-DERIVED,
T6,Table VI p.510,all twins 10%/5%/unlimited,sigma,30.9,% p.a.,PAPER-DERIVED,
T6,Table VI p.510,all twins 10%/5%/unlimited,sigma S&P 500,22.2,% p.a.,PAPER-DERIVED,
T6,Table VI p.510,all twins 10%/5%/unlimited,FF3 idiosyncratic sigma,30.8,% p.a.,PAPER-DERIVED,
T6,Table VI p.510,all twins 10%/5%/unlimited,IAPM idiosyncratic sigma,30.8,% p.a.,PAPER-DERIVED,
T6,Table VI p.510,all twins 10%/5%/unlimited,skewness,0.41,,PAPER-DERIVED,
T6,Table VI p.510,all twins 10%/5%/unlimited,kurtosis,10.2,,PAPER-DERIVED,
T6,Table VI p.510,all twins 10%/5%/unlimited,1% VaR,-3.8,% daily,PAPER-DERIVED,
S53,text p.515,benchmark 10%/5%/12m,FF3 alpha,0.718,% p.m.,PAPER-DERIVED,
S53,text p.515,commission 50 bps,FF3 alpha,0.453,% p.m.,PAPER-DERIVED,
S53,text p.515,spread 80 bps,FF3 alpha,0.506,% p.m.,PAPER-DERIVED,
S53,text p.515,short rebate 1%,FF3 alpha,0.562,% p.m.,PAPER-DERIVED,
S53,text p.515,one extra trading day delay,FF3 alpha,0.382,% p.m.,PAPER-DERIVED,
S53,text p.514,18%/10% thresholds,annualized abnormal return,~15,% p.a.,PAPER-DERIVED,only 24 positions
S53,text p.514,positions across threshold surface,number of positions,<100 to ~300,,PAPER-DERIVED,
S54,text p.516,Dexia,deviation before -> after announcement (1 day),-9.22 -> -0.14,%,PAPER-DERIVED,
S54,text p.516,Zurich Allied/Allied Zurich,deviation before -> after announcement (1 day),8.29 -> 1.91,%,PAPER-DERIVED,
S54,text p.516,Zurich Allied/Allied Zurich,deviation before -> after announcement (2 day),8.29 -> 0.34,%,PAPER-DERIVED,
S54,text p.516,Merita/Nordbanken,deviation before -> after announcement (1 day),-5.44 -> -0.13,%,PAPER-DERIVED,
S54,text p.516,Fortis,deviation before -> after announcement (1 day),0.71 -> 0.11,%,PAPER-DERIVED,
S54,text p.516,ABB,deviation before -> after announcement (1 day),12.30 -> 5.56,%,PAPER-DERIVED,
S54,text p.516,Smithkline Beecham,deviation before -> after announcement (1 day),-3.08 -> -2.11,%,PAPER-DERIVED,
S54,text p.518,post-announcement,positions 10%/5% / 5%/1%,1 / 4,,PAPER-DERIVED,
TXT,p.496,all twins,mean absolute deviation range,~4 to ~12,%,PAPER-DERIVED,
TXT,p.496,all twins,max deviation reached,up to 40,%,PAPER-DERIVED,
TXT,p.497,longest wait to convergence,horizon,~9,years,PAPER-DERIVED,
TXT,p.503,comovement,R2 range,10 to 40,%,PAPER-DERIVED,
TXT,p.503,comovement,index coefficients significant,22 of 24,,PAPER-DERIVED,
TXT,p.509,Table VI,significant FF3 alphas at 5%,5 of 8,,PAPER-DERIVED,
